가해자차량용도대분류,가해자차량용도중분류,가해자차량용도,시간대,사고건수,사망자수,중상자수,경상자수,부상신고자수
사업용,노선버스,시내버스,00시-02시,34,0,20,21,4
사업용,노선버스,시내버스,02시-04시,9,0,2,7,0
사업용,노선버스,시내버스,04시-06시,40,1,20,37,0
사업용,노선버스,시내버스,06시-08시,299,3,89,313,28
사업용,노선버스,시내버스,08시-10시,660,4,202,675,51
사업용,노선버스,시내버스,10시-12시,589,5,216,563,71
사업용,노선버스,시내버스,12시-14시,631,7,195,624,59
사업용,노선버스,시내버스,14시-16시,666,4,230,618,63
사업용,노선버스,시내버스,16시-18시,775,5,247,692,89
사업용,노선버스,시내버스,18시-20시,650,3,175,631,69
사업용,노선버스,시내버스,20시-22시,377,5,116,309,39
사업용,노선버스,시내버스,22시-24시,226,4,74,198,35
사업용,노선버스,시외버스,00시-02시,10,0,2,18,1
사업용,노선버스,시외버스,02시-04시,1,1,0,0,0
사업용,노선버스,시외버스,04시-06시,4,0,3,10,1
사업용,노선버스,시외버스,06시-08시,37,1,13,25,2
사업용,노선버스,시외버스,08시-10시,63,0,17,80,2
사업용,노선버스,시외버스,10시-12시,71,1,28,133,22
사업용,노선버스,시외버스,12시-14시,73,1,19,95,6
사업용,노선버스,시외버스,14시-16시,71,0,24,85,19
사업용,노선버스,시외버스,16시-18시,77,1,24,113,10
사업용,노선버스,시외버스,18시-20시,94,0,31,184,26
사업용,노선버스,시외버스,20시-22시,59,0,16,76,10
사업용,노선버스,시외버스,22시-24시,31,1,8,25,2
사업용,노선버스,고속버스,02시-04시,2,3,12,0,0
사업용,노선버스,고속버스,04시-06시,2,0,1,1,0
사업용,노선버스,고속버스,06시-08시,10,0,2,14,0
사업용,노선버스,고속버스,08시-10시,32,5,17,59,5
사업용,노선버스,고속버스,10시-12시,25,1,12,75,33
사업용,노선버스,고속버스,12시-14시,27,0,8,47,0
사업용,노선버스,고속버스,14시-16시,21,1,15,43,4
사업용,노선버스,고속버스,16시-18시,22,0,8,46,1
사업용,노선버스,고속버스,18시-20시,30,0,7,41,2
사업용,노선버스,고속버스,20시-22시,15,0,6,34,3
사업용,노선버스,고속버스,22시-24시,4,0,0,8,8
사업용,노선버스,마을버스,00시-02시,2,0,0,2,0
사업용,노선버스,마을버스,04시-06시,3,0,2,2,0
사업용,노선버스,마을버스,06시-08시,48,2,16,44,7
사업용,노선버스,마을버스,08시-10시,111,0,34,101,10
사업용,노선버스,마을버스,10시-12시,115,2,40,102,6
사업용,노선버스,마을버스,12시-14시,109,0,34,108,14
사업용,노선버스,마을버스,14시-16시,133,2,43,135,11
사업용,노선버스,마을버스,16시-18시,131,1,40,109,12
사업용,노선버스,마을버스,18시-20시,120,1,34,137,9
사업용,노선버스,마을버스,20시-22시,76,0,21,70,4
사업용,노선버스,마을버스,22시-24시,59,3,7,64,5
사업용,전세버스,전세버스,00시-02시,12,1,8,13,10
사업용,전세버스,전세버스,02시-04시,6,2,1,13,0
사업용,전세버스,전세버스,04시-06시,43,4,33,42,1
사업용,전세버스,전세버스,06시-08시,197,3,97,434,41
사업용,전세버스,전세버스,08시-10시,200,0,59,351,63
사업용,전세버스,전세버스,10시-12시,82,0,19,125,10
사업용,전세버스,전세버스,12시-14시,97,0,28,145,47
사업용,전세버스,전세버스,14시-16시,124,0,23,146,14
사업용,전세버스,전세버스,16시-18시,189,2,41,245,39
사업용,전세버스,전세버스,18시-20시,252,6,73,408,35
사업용,전세버스,전세버스,20시-22시,116,5,35,160,8
사업용,전세버스,전세버스,22시-24시,43,1,23,56,4
사업용,특수여객(장의),특수여객(장의),06시-08시,2,0,0,2,0
사업용,특수여객(장의),특수여객(장의),08시-10시,2,0,0,2,0
사업용,특수여객(장의),특수여객(장의),10시-12시,2,0,0,3,0
사업용,특수여객(장의),특수여객(장의),12시-14시,2,0,0,1,3
사업용,특수여객(장의),특수여객(장의),14시-16시,3,0,0,3,0
사업용,특수여객(장의),특수여객(장의),16시-18시,1,0,0,1,0
사업용,특수여객(장의),특수여객(장의),18시-20시,3,0,0,3,0
사업용,택시,법인택시,00시-02시,686,9,168,756,72
사업용,택시,법인택시,02시-04시,428,6,144,438,39
사업용,택시,법인택시,04시-06시,282,3,77,300,26
사업용,택시,법인택시,06시-08시,256,3,85,249,24
사업용,택시,법인택시,08시-10시,426,0,87,480,27
사업용,택시,법인택시,10시-12시,439,0,91,529,24
사업용,택시,법인택시,12시-14시,472,5,113,519,38
사업용,택시,법인택시,14시-16시,494,1,84,602,55
사업용,택시,법인택시,16시-18시,546,1,81,668,51
사업용,택시,법인택시,18시-20시,745,4,157,851,45
사업용,택시,법인택시,20시-22시,808,4,192,889,59
사업용,택시,법인택시,22시-24시,825,2,214,922,69
사업용,택시,개인택시,00시-02시,481,8,137,533,47
사업용,택시,개인택시,02시-04시,225,6,77,200,14
사업용,택시,개인택시,04시-06시,163,1,80,150,14
사업용,택시,개인택시,06시-08시,308,4,99,292,33
사업용,택시,개인택시,08시-10시,621,4,175,641,47
사업용,택시,개인택시,10시-12시,577,5,148,610,58
사업용,택시,개인택시,12시-14시,583,2,176,632,29
사업용,택시,개인택시,14시-16시,586,1,140,643,57
사업용,택시,개인택시,16시-18시,645,3,170,675,78
사업용,택시,개인택시,18시-20시,748,7,188,801,58
사업용,택시,개인택시,20시-22시,661,5,178,687,48
사업용,택시,개인택시,22시-24시,606,6,177,601,42
사업용,화물차,화물차,00시-02시,131,9,51,122,10
사업용,화물차,화물차,02시-04시,125,8,50,119,9
사업용,화물차,화물차,04시-06시,258,7,99,248,20
사업용,화물차,화물차,06시-08시,549,15,142,555,39
사업용,화물차,화물차,08시-10시,923,15,236,1041,68
사업용,화물차,화물차,10시-12시,917,22,252,1031,86
사업용,화물차,화물차,12시-14시,790,11,243,992,71
사업용,화물차,화물차,14시-16시,819,21,239,907,79
사업용,화물차,화물차,16시-18시,749,15,199,844,61
사업용,화물차,화물차,18시-20시,514,10,142,544,44
사업용,화물차,화물차,20시-22시,278,3,55,303,23
사업용,화물차,화물차,22시-24시,180,10,58,176,23
사업용,렌터카,렌터카,00시-02시,484,12,113,584,38
사업용,렌터카,렌터카,02시-04시,261,2,73,315,27
사업용,렌터카,렌터카,04시-06시,235,6,62,272,20
사업용,렌터카,렌터카,06시-08시,431,3,109,446,28
사업용,렌터카,렌터카,08시-10시,867,6,186,978,75
사업용,렌터카,렌터카,10시-12시,873,5,216,1026,68
사업용,렌터카,렌터카,12시-14시,974,2,212,1187,90
사업용,렌터카,렌터카,14시-16시,1078,6,250,1363,123
사업용,렌터카,렌터카,16시-18시,1273,5,278,1556,126
사업용,렌터카,렌터카,18시-20시,1357,4,343,1520,140
사업용,렌터카,렌터카,20시-22시,940,7,233,1090,85
사업용,렌터카,렌터카,22시-24시,723,5,197,850,68
사업용,콘크리트믹서,콘크리트믹서,02시-04시,1,0,0,1,0
사업용,콘크리트믹서,콘크리트믹서,06시-08시,8,0,1,8,0
사업용,콘크리트믹서,콘크리트믹서,08시-10시,61,1,15,66,2
사업용,콘크리트믹서,콘크리트믹서,10시-12시,75,1,19,79,1
사업용,콘크리트믹서,콘크리트믹서,12시-14시,53,2,10,57,0
사업용,콘크리트믹서,콘크리트믹서,14시-16시,66,2,23,65,4
사업용,콘크리트믹서,콘크리트믹서,16시-18시,50,0,10,55,0
사업용,콘크리트믹서,콘크리트믹서,18시-20시,9,0,1,11,1
사업용,덤프트럭,덤프트럭,00시-02시,2,0,2,2,0
사업용,덤프트럭,덤프트럭,02시-04시,7,1,1,5,0
사업용,덤프트럭,덤프트럭,04시-06시,39,2,16,45,9
사업용,덤프트럭,덤프트럭,06시-08시,144,5,42,148,8
사업용,덤프트럭,덤프트럭,08시-10시,301,11,75,323,11
사업용,덤프트럭,덤프트럭,10시-12시,251,10,53,314,9
사업용,덤프트럭,덤프트럭,12시-14시,193,3,53,252,15
사업용,덤프트럭,덤프트럭,14시-16시,218,1,59,272,27
사업용,덤프트럭,덤프트럭,16시-18시,100,4,25,121,0
사업용,덤프트럭,덤프트럭,18시-20시,22,0,6,25,0
사업용,덤프트럭,덤프트럭,20시-22시,12,0,6,9,2
사업용,덤프트럭,덤프트럭,22시-24시,6,0,3,10,0
사업용,기타/건설기계,기타/건설기계,00시-02시,17,1,7,14,0
사업용,기타/건설기계,기타/건설기계,02시-04시,21,4,6,18,1
사업용,기타/건설기계,기타/건설기계,04시-06시,38,1,14,37,3
사업용,기타/건설기계,기타/건설기계,06시-08시,162,8,54,165,4
사업용,기타/건설기계,기타/건설기계,08시-10시,203,4,58,229,9
사업용,기타/건설기계,기타/건설기계,10시-12시,193,5,58,224,14
사업용,기타/건설기계,기타/건설기계,12시-14시,167,4,48,191,9
사업용,기타/건설기계,기타/건설기계,14시-16시,191,5,57,214,18
사업용,기타/건설기계,기타/건설기계,16시-18시,179,4,48,228,10
사업용,기타/건설기계,기타/건설기계,18시-20시,103,0,19,118,12
사업용,기타/건설기계,기타/건설기계,20시-22시,65,3,21,70,11
사업용,기타/건설기계,기타/건설기계,22시-24시,29,0,3,34,1
비사업용,승용차,승용차,00시-02시,3493,83,959,4140,274
비사업용,승용차,승용차,02시-04시,1865,49,530,2050,148
비사업용,승용차,승용차,04시-06시,2430,96,778,2393,208
비사업용,승용차,승용차,06시-08시,6240,84,1747,6505,402
비사업용,승용차,승용차,08시-10시,12171,84,2892,13493,982
비사업용,승용차,승용차,10시-12시,10963,78,2840,12578,892
비사업용,승용차,승용차,12시-14시,12471,80,3055,14809,1057
비사업용,승용차,승용차,14시-16시,12997,83,3261,15200,1101
비사업용,승용차,승용차,16시-18시,15302,89,3666,17787,1285
비사업용,승용차,승용차,18시-20시,15898,137,3818,17788,1229
비사업용,승용차,승용차,20시-22시,9961,99,2470,11117,770
비사업용,승용차,승용차,22시-24시,6390,89,1612,7306,455
비사업용,버스,버스,00시-02시,58,4,18,66,4
비사업용,버스,버스,02시-04시,27,0,14,25,3
비사업용,버스,버스,04시-06시,92,1,38,92,7
비사업용,버스,버스,06시-08시,181,1,70,195,19
비사업용,버스,버스,08시-10시,276,2,70,316,28
비사업용,버스,버스,10시-12시,295,1,99,325,21
비사업용,버스,버스,12시-14시,275,1,94,349,19
비사업용,버스,버스,14시-16시,319,5,92,385,29
비사업용,버스,버스,16시-18시,448,3,135,498,41
비사업용,버스,버스,18시-20시,376,6,92,391,45
비사업용,버스,버스,20시-22시,223,8,59,256,26
비사업용,버스,버스,22시-24시,126,2,29,161,12
비사업용,어린이통학버스,어린이통학버스,00시-02시,2,0,1,2,0
비사업용,어린이통학버스,어린이통학버스,02시-04시,6,1,2,4,0
비사업용,어린이통학버스,어린이통학버스,04시-06시,7,0,0,6,1
비사업용,어린이통학버스,어린이통학버스,06시-08시,29,0,7,36,3
비사업용,어린이통학버스,어린이통학버스,08시-10시,82,1,22,76,5
비사업용,어린이통학버스,어린이통학버스,10시-12시,40,0,11,42,0
비사업용,어린이통학버스,어린이통학버스,12시-14시,58,0,13,85,17
비사업용,어린이통학버스,어린이통학버스,14시-16시,111,1,27,92,6
비사업용,어린이통학버스,어린이통학버스,16시-18시,181,1,51,165,33
비사업용,어린이통학버스,어린이통학버스,18시-20시,140,0,42,143,15
비사업용,어린이통학버스,어린이통학버스,20시-22시,46,1,9,40,5
비사업용,어린이통학버스,어린이통학버스,22시-24시,24,1,11,20,1
비사업용,콘크리트믹서,콘크리트믹서,08시-10시,5,0,2,4,0
비사업용,콘크리트믹서,콘크리트믹서,10시-12시,5,0,3,3,0
비사업용,콘크리트믹서,콘크리트믹서,12시-14시,3,0,2,1,0
비사업용,콘크리트믹서,콘크리트믹서,14시-16시,9,0,4,6,0
비사업용,콘크리트믹서,콘크리트믹서,16시-18시,6,0,3,4,0
비사업용,콘크리트믹서,콘크리트믹서,18시-20시,1,0,0,1,0
비사업용,화물차,화물차,00시-02시,233,15,61,244,12
비사업용,화물차,화물차,02시-04시,170,9,56,147,13
비사업용,화물차,화물차,04시-06시,453,32,174,384,33
비사업용,화물차,화물차,06시-08시,1415,46,450,1360,88
비사업용,화물차,화물차,08시-10시,2323,51,705,2312,172
비사업용,화물차,화물차,10시-12시,2562,69,847,2532,180
비사업용,화물차,화물차,12시-14시,2497,53,768,2666,193
비사업용,화물차,화물차,14시-16시,2574,50,792,2800,215
비사업용,화물차,화물차,16시-18시,2682,36,832,2819,213
비사업용,화물차,화물차,18시-20시,1893,40,588,1915,123
비사업용,화물차,화물차,20시-22시,922,31,279,994,50
비사업용,화물차,화물차,22시-24시,452,17,138,477,35
비사업용,기타/건설기계,기타/건설기계,00시-02시,4,0,2,3,0
비사업용,기타/건설기계,기타/건설기계,02시-04시,2,0,1,1,0
비사업용,기타/건설기계,기타/건설기계,04시-06시,4,2,3,8,0
비사업용,기타/건설기계,기타/건설기계,06시-08시,13,1,4,10,2
비사업용,기타/건설기계,기타/건설기계,08시-10시,30,0,11,22,2
비사업용,기타/건설기계,기타/건설기계,10시-12시,34,3,12,24,0
비사업용,기타/건설기계,기타/건설기계,12시-14시,32,0,10,37,0
비사업용,기타/건설기계,기타/건설기계,14시-16시,31,1,12,35,6
비사업용,기타/건설기계,기타/건설기계,16시-18시,35,0,11,38,3
비사업용,기타/건설기계,기타/건설기계,18시-20시,17,0,5,14,1
비사업용,기타/건설기계,기타/건설기계,20시-22시,8,0,2,6,0
비사업용,기타/건설기계,기타/건설기계,22시-24시,6,1,0,5,0
비사업용,덤프트럭,덤프트럭,00시-02시,2,0,1,1,0
비사업용,덤프트럭,덤프트럭,04시-06시,2,0,0,2,0
비사업용,덤프트럭,덤프트럭,06시-08시,7,1,2,5,0
비사업용,덤프트럭,덤프트럭,08시-10시,16,0,3,24,1
비사업용,덤프트럭,덤프트럭,10시-12시,15,0,2,22,2
비사업용,덤프트럭,덤프트럭,12시-14시,10,0,5,16,2
비사업용,덤프트럭,덤프트럭,14시-16시,21,0,7,26,2
비사업용,덤프트럭,덤프트럭,16시-18시,3,0,3,4,0
비사업용,덤프트럭,덤프트럭,18시-20시,1,0,0,2,0
이륜차,이륜차,이륜차,00시-02시,608,24,212,503,99
이륜차,이륜차,이륜차,02시-04시,399,31,172,281,61
이륜차,이륜차,이륜차,04시-06시,310,27,117,217,50
이륜차,이륜차,이륜차,06시-08시,478,17,184,313,82
이륜차,이륜차,이륜차,08시-10시,807,28,247,658,126
이륜차,이륜차,이륜차,10시-12시,1247,22,357,1042,213
이륜차,이륜차,이륜차,12시-14시,1677,27,473,1442,259
이륜차,이륜차,이륜차,14시-16시,1504,39,451,1227,253
이륜차,이륜차,이륜차,16시-18시,1826,25,556,1535,293
이륜차,이륜차,이륜차,18시-20시,2601,31,798,2167,414
이륜차,이륜차,이륜차,20시-22시,1813,19,614,1510,254
이륜차,이륜차,이륜차,22시-24시,1105,37,382,876,176
사륜오토바이(ATV),사륜오토바이(ATV),사륜오토바이(ATV),02시-04시,1,0,1,0,0
사륜오토바이(ATV),사륜오토바이(ATV),사륜오토바이(ATV),04시-06시,4,1,1,1,1
사륜오토바이(ATV),사륜오토바이(ATV),사륜오토바이(ATV),06시-08시,20,2,7,12,2
사륜오토바이(ATV),사륜오토바이(ATV),사륜오토바이(ATV),08시-10시,36,3,20,18,1
사륜오토바이(ATV),사륜오토바이(ATV),사륜오토바이(ATV),10시-12시,48,6,19,26,5
사륜오토바이(ATV),사륜오토바이(ATV),사륜오토바이(ATV),12시-14시,37,5,18,17,3
사륜오토바이(ATV),사륜오토바이(ATV),사륜오토바이(ATV),14시-16시,39,2,14,26,5
사륜오토바이(ATV),사륜오토바이(ATV),사륜오토바이(ATV),16시-18시,44,5,20,29,2
사륜오토바이(ATV),사륜오토바이(ATV),사륜오토바이(ATV),18시-20시,22,2,9,13,1
사륜오토바이(ATV),사륜오토바이(ATV),사륜오토바이(ATV),20시-22시,9,2,1,8,2
사륜오토바이(ATV),사륜오토바이(ATV),사륜오토바이(ATV),22시-24시,2,1,0,1,0
원동기장치자전거,원동기장치자전거,원동기장치자전거,00시-02시,77,2,24,55,15
원동기장치자전거,원동기장치자전거,원동기장치자전거,02시-04시,48,1,24,39,6
원동기장치자전거,원동기장치자전거,원동기장치자전거,04시-06시,38,1,17,18,7
원동기장치자전거,원동기장치자전거,원동기장치자전거,06시-08시,76,1,29,55,12
원동기장치자전거,원동기장치자전거,원동기장치자전거,08시-10시,122,6,39,76,25
원동기장치자전거,원동기장치자전거,원동기장치자전거,10시-12시,197,5,60,142,34
원동기장치자전거,원동기장치자전거,원동기장치자전거,12시-14시,251,2,70,211,40
원동기장치자전거,원동기장치자전거,원동기장치자전거,14시-16시,215,4,53,193,27
원동기장치자전거,원동기장치자전거,원동기장치자전거,16시-18시,243,5,75,178,45
원동기장치자전거,원동기장치자전거,원동기장치자전거,18시-20시,306,2,98,259,47
원동기장치자전거,원동기장치자전거,원동기장치자전거,20시-22시,204,1,73,148,30
원동기장치자전거,원동기장치자전거,원동기장치자전거,22시-24시,153,6,57,114,26
자전거,자전거,자전거,00시-02시,58,1,20,23,16
자전거,자전거,자전거,02시-04시,35,2,17,12,10
자전거,자전거,자전거,04시-06시,84,5,30,33,23
자전거,자전거,자전거,06시-08시,340,8,117,169,67
자전거,자전거,자전거,08시-10시,694,5,211,391,151
자전거,자전거,자전거,10시-12시,597,11,207,296,133
자전거,자전거,자전거,12시-14시,543,9,180,288,126
자전거,자전거,자전거,14시-16시,673,9,203,375,145
자전거,자전거,자전거,16시-18시,799,6,205,461,206
자전거,자전거,자전거,18시-20시,715,3,204,425,178
자전거,자전거,자전거,20시-22시,404,2,102,254,97
자전거,자전거,자전거,22시-24시,204,3,73,107,49
개인형이동장치(PM),개인형이동장치(PM),개인형이동장치(PM),00시-02시,160,7,44,79,40
개인형이동장치(PM),개인형이동장치(PM),개인형이동장치(PM),02시-04시,83,0,22,47,24
개인형이동장치(PM),개인형이동장치(PM),개인형이동장치(PM),04시-06시,56,1,19,24,15
개인형이동장치(PM),개인형이동장치(PM),개인형이동장치(PM),06시-08시,99,0,29,55,24
개인형이동장치(PM),개인형이동장치(PM),개인형이동장치(PM),08시-10시,240,1,65,160,41
개인형이동장치(PM),개인형이동장치(PM),개인형이동장치(PM),10시-12시,144,0,50,88,27
개인형이동장치(PM),개인형이동장치(PM),개인형이동장치(PM),12시-14시,196,1,49,128,39
개인형이동장치(PM),개인형이동장치(PM),개인형이동장치(PM),14시-16시,215,2,62,136,35
개인형이동장치(PM),개인형이동장치(PM),개인형이동장치(PM),16시-18시,378,3,82,258,73
개인형이동장치(PM),개인형이동장치(PM),개인형이동장치(PM),18시-20시,327,1,102,183,72
개인형이동장치(PM),개인형이동장치(PM),개인형이동장치(PM),20시-22시,250,6,54,176,58
개인형이동장치(PM),개인형이동장치(PM),개인형이동장치(PM),22시-24시,241,2,59,152,51
농기계,농기계,농기계,04시-06시,5,2,2,1,0
농기계,농기계,농기계,06시-08시,15,2,7,8,0
농기계,농기계,농기계,08시-10시,57,7,24,29,4
농기계,농기계,농기계,10시-12시,46,6,20,21,6
농기계,농기계,농기계,12시-14시,38,6,19,30,4
농기계,농기계,농기계,14시-16시,47,9,19,28,2
농기계,농기계,농기계,16시-18시,53,12,16,28,3
농기계,농기계,농기계,18시-20시,28,3,5,21,6
농기계,농기계,농기계,20시-22시,1,1,0,0,0
기타/불명,기타/불명,기타/불명,00시-02시,126,0,19,89,36
기타/불명,기타/불명,기타/불명,02시-04시,51,0,8,36,11
기타/불명,기타/불명,기타/불명,04시-06시,94,0,12,75,24
기타/불명,기타/불명,기타/불명,06시-08시,147,0,12,104,46
기타/불명,기타/불명,기타/불명,08시-10시,195,0,22,113,76
기타/불명,기타/불명,기타/불명,10시-12시,167,0,20,117,48
기타/불명,기타/불명,기타/불명,12시-14시,179,0,17,128,52
기타/불명,기타/불명,기타/불명,14시-16시,204,0,25,135,57
기타/불명,기타/불명,기타/불명,16시-18시,279,0,42,166,97
기타/불명,기타/불명,기타/불명,18시-20시,433,1,47,310,128
기타/불명,기타/불명,기타/불명,20시-22시,371,0,39,259,104
기타/불명,기타/불명,기타/불명,22시-24시,211,0,23,157,56
